horizon_ms,beta_train,r2_insample,r2_oos,n_train,n_test
50,0.1310762981478949,0.01685983393710566,0.01457611342017906,8639998,3455930
100,0.20513374092093764,0.018172190620113438,0.015980943110496137,8639998,3455930
200,0.2890118909495205,0.015875421560419767,0.013351354543315597,8639998,3455930
400,0.378003608459388,0.012122526602465267,0.011319389267069435,8639998,3455930
800,0.45908835647407353,0.008106793309666793,0.0073325031612248015,8639998,3455930
1000,0.49709523104661957,0.007384238653159292,0.007280168930698161,8639998,3455930
